<?xml version="1.0" encoding="UTF-8"?>
<!DOCTYPE suite SYSTEM "http://testng.org/testng-1.0.dtd" >
<suite name="HEB.COM_CheckOut_Module_Chrome" parallel="tests"
	thread-count="2">

	<parameter name="driver.name" value="RemoteDriver" />

	<parameter name="env.resources" value="resources/qa;resources/testdata;resources/users/cert1"></parameter>
	<parameter name="step.provider.pkg" value="com.automation.web"></parameter>
	<parameter name="scenario.file.loc" value="scenarios/regression/Checkout.bdd" />

	<listeners>
		<listener class-name="com.automation.web.listener.TestNGCustomReportListener" />
		<listener class-name="com.quantum.listerners.QuantumReportiumListener" />
	</listeners>

	<test verbose="2" name="CheckOut_1">
		<parameter name="driver.additional.capabilities"
			value="{'platformName':'Windows','platformVersion':'7','browserName':'Chrome','browserVersion':'60','resolution':'1280x1024','location':'US East'}"></parameter>
		<groups>
			<run>
				<include name="Floral Item" />
				<include name="Easy SignUp" />
				<include name="SPECIAL FEE" />
				<include name="Deli Item" />
				<include name="Wine Item" />
				<include name="STH Item" />
			</run>
		</groups>
		<classes>
			<class name="com.qmetry.qaf.automation.step.client.text.BDDTestFactory" />
		</classes>
	</test>

	<test verbose="2" name="CheckOut_2">
		<parameter name="driver.additional.capabilities"
			value="{'platformName':'Windows','platformVersion':'8.1','browserName':'Chrome','browserVersion':'60','resolution':'1280x1024','location':'US East'}"></parameter>
		<groups>
			<run>
				<include name="eGift Card" />
				<include name="Checkout with GiftCard" />
				<include name="TaxExempt User" />
				<include name="Bakery Item" />
				<include name="All Items" />
				<include name="GC" />
				<include name="NickName" />
				<include name="DeliveryPage" />
				<include name="PaymentPage" />
				<include name="PageValidation" />
			</run>
		</groups>
		<classes>
			<class name="com.qmetry.qaf.automation.step.client.text.BDDTestFactory" />
		</classes>
	</test>

</suite> <!-- Test Suite -->
