<?xml version="1.0" encoding="UTF-8"?>
<!DOCTYPE suite SYSTEM "http://testng.org/testng-1.0.dtd" >
<suite name="HEB.COM_PaymentGateWay_Module_Chrome" parallel="tests"
	thread-count="2">

	<parameter name="driver.name" value="RemoteDriver" />

	<parameter name="env.resources" value="resources/qa;resources/testdata;resources/users/cert1"></parameter>
	<parameter name="step.provider.pkg" value="com.automation.web"></parameter>
	<parameter name="scenario.file.loc" value="scenarios/regression/PaymentGateway.bdd" />

	<listeners>
		<listener class-name="com.automation.web.listener.TestNGCustomReportListener" />
		<listener class-name="com.quantum.listerners.QuantumReportiumListener" />
	</listeners>

	<test verbose="2" name="PaymentGateway_PageValidation_CreditCard">
		<parameter name="driver.additional.capabilities"
			value="{'platformName':'Windows','platformVersion':'7','browserName':'Chrome','browserVersion':'60','resolution':'1280x1024','location':'US East'}"></parameter>
		<groups>
			<run>
				<include name="PageValidation" />
				<include name="CreditCard" />
			</run>
		</groups>
		<classes>
			<class name="com.qmetry.qaf.automation.step.client.text.BDDTestFactory" />
		</classes>
	</test>

	<test verbose="2" name="PaymentGateway_GC_Payment_EGC_PGC">
		<parameter name="driver.additional.capabilities"
			value="{'platformName':'Windows','platformVersion':'8.1','browserName':'Chrome','browserVersion':'60','resolution':'1280x1024','location':'US East'}"></parameter>
		<groups>
			<run>
				<include name="GC_Payment" />
				<include name="EGC" />
				<include name="PGC" />
			</run>
		</groups>
		<classes>
			<class name="com.qmetry.qaf.automation.step.client.text.BDDTestFactory" />
		</classes>
	</test>

</suite> <!-- Test Suite -->
