<?xml version="1.0" encoding="UTF-8"?>
<!DOCTYPE suite SYSTEM "http://testng.org/testng-1.0.dtd" >
<suite name="Test suite" parallel="tests" thread-count="1">

	<parameter name="driver.name" value="RemoteDriver" />

	<parameter name="env.resources" value="resources/qa;resources/testdata"></parameter>
	<parameter name="step.provider.pkg" value="com.automation.web"></parameter>
	
  	<listeners>
		<listener class-name="com.automation.web.listener.TestNGCustomReportListener" />
	</listeners>

	<parameter name="scenario.file.loc" value="scenarios\Products.bdd" />

	<test verbose="2" name="Products_Tests">
	    <parameter name="driver.additional.capabilities" value="{'platformName':'Windows','platformVersion':'7','browserName':'Chrome','browserVersion':'60','resolution':'1280x1024','location':'US East'}"></parameter>
		<groups>
			<run>
				<include name="SMOKE" />
			</run>
		</groups>
		<classes>
			<class name="com.qmetry.qaf.automation.step.client.text.BDDTestFactory" />
		</classes>
	</test>

</suite> <!-- Test Suite -->
