<?xml version="1.0" encoding="UTF-8"?>
<!DOCTYPE suite SYSTEM "http://testng.org/testng-1.0.dtd" >
<suite name="Weekly Ads suite" parallel="tests" thread-count="3">

	<parameter name="driver.name" value="RemoteDriver" />

	<parameter name="env.resources" value="resources/qa;resources/testdata;resources/users/cert1" />
	<parameter name="step.provider.pkg" value="com.automation.web"></parameter>
	
	<listeners>
		<listener class-name="com.automation.web.listener.TestNGCustomReportListener" />
		<listener class-name="com.quantum.listerners.QuantumReportiumListener" />
	</listeners>

	<parameter name="scenario.file.loc" value="scenarios\regression\WeeklyAds.bdd" />

	<test verbose="2" name="WeeklyAds_Test 1">
		<groups>
			<run>
				<include name="Add to list" />
			</run>
		</groups>
		<classes>
			<class name="com.qmetry.qaf.automation.step.client.text.BDDTestFactory" />
		</classes>
	</test>

	<test verbose="2" name="WeeklyAds_Test 2">
		<groups>
			<run>
				<include name="SELECT_STORE" />
			</run>
		</groups>
		<classes>
			<class name="com.qmetry.qaf.automation.step.client.text.BDDTestFactory" />
		</classes>
	</test>
	
	<test verbose="2" name="WeeklyAds_Test 3">
		<groups>
			<run>
				<include name="PAGE_VALIDATION" />
				<include name="INVALID_URL" />
				<include name="AD_MODEL" />
				<include name="DEFAULT_STORE" />
				<include name="CHANGE_STORE" />
				<include name="ERROR_MSG" />
				<include name="MAKEMYSTORE" />
				<include name="FEATURED_DEALS" />
				<include name="NAVIGATION" />
<!-- 				<include name="MOBILE" /> -->
				
			</run>
		</groups>
		<classes>
			<class name="com.qmetry.qaf.automation.step.client.text.BDDTestFactory" />
		</classes>
	</test>
	
</suite> <!-- Weekly Ads Suite -->
