<!DOCTYPE suite SYSTEM "http://testng.org/testng-1.0.dtd">
<suite name="Admin_Url_Delete API's" verbose="1" parallel="tests" thread-count="1">
	<parameter name="rest.client.impl" value="com.heb.automation.common.ClientHelper" />
	
	<test name="Admin_Url_Delete" enabled="true">
		<parameter name="scenario.file.loc" value="scenarios/AdminServices/AppVersion" />
	
		<groups>
			<run>
				<include name="Admin_Appversion_Delete" />
				
			</run>
		</groups>
		<classes>
			<class name="com.qmetry.qaf.automation.step.client.text.BDDTestFactory"></class>
		</classes>
	</test>
	
</suite>

