<!DOCTYPE suite SYSTEM "http://testng.org/testng-1.0.dtd">
<suite name="ML_Admin_App version" verbose="1" parallel="tests" thread-count="1">
	<parameter name="rest.client.impl" value="com.heb.automation.common.ClientHelper" />
	<parameter name="scenario.file.loc" value="scenarios/AdminServices/AppVersion" />
	
	<test name="Create service testing" enabled="true">
		
			<groups>
			<run>
				<include name="Admin_Appversion_Create" />
			</run>
		</groups>
		<classes>
			<class name="com.qmetry.qaf.automation.step.client.text.BDDTestFactory"></class>
		</classes>
	</test>
	
		<test name="Read service testing" enabled="true">
		
	
		<groups>
			<run>
				<include name="Admin_Appversion_Read" />
				
			</run>
		</groups>
		<classes>
			<class name="com.qmetry.qaf.automation.step.client.text.BDDTestFactory"></class>
		</classes>
	</test>
	
		<test name="Update service testing" enabled="true">
		
	
		<groups>
			<run>
				<include name="Admin_Appversion_Update" />
			</run>
		</groups>
		<classes>
			<class name="com.qmetry.qaf.automation.step.client.text.BDDTestFactory"></class>
		</classes>
	</test>
	
		<test name="Delete service testing" enabled="true">
		
	
		<groups>
			<run>
				<include name="Admin_Appversion_Delete" />
			</run>
		</groups>
		<classes>
			<class name="com.qmetry.qaf.automation.step.client.text.BDDTestFactory"></class>
		</classes>
	</test>
	
	<test name="Validating Audit logs for Admin_Appversion_CRUD" enabled="true">
		
	
		<groups>
			<run>
				<include name="Auditlogs_Appversion" />
			</run>
		</groups>
		<classes>
			<class name="com.qmetry.qaf.automation.step.client.text.BDDTestFactory"></class>
		</classes>
	</test>
	
</suite>

