<?xml version="1.0" encoding="UTF-8"?>
<!DOCTYPE suite SYSTEM "http://testng.org/testng-1.0.dtd">
<suite thread-count="3" name="Shoppinglist suite" parallel="tests">
  <parameter name="scenario.file.loc" value="scenarios\!Sprint30.bdd"/>
  <parameter name="env.resources" value="resources"/>
  <parameter name="driver.name" value="RemoteDriver"/>
  <parameter name="step.provider.pkg" value="com.automation.web"/>
  <listeners>
    <listener class-name="com.automation.web.listener.TestNGCustomReportListener"/>
    <listener class-name="com.quantum.listerners.QuantumReportiumListener"/>
  </listeners>
  <test name="Shoppinglists3">
    <method-selectors>
      <method-selector>
        <script language="beanshell">
          <![CDATA[testngMethod.getMethodName().equalsIgnoreCase("Verify Printout_Disclaimer and last update")]]>
        </script>
      </method-selector>
    </method-selectors>
    <classes>
      <class name="com.qmetry.qaf.automation.step.client.text.BDDTestFactory"/>
    </classes>
  </test> <!-- Shoppinglists3 -->
</suite> <!-- Shoppinglist suite -->
