<!DOCTYPE suite SYSTEM "http://testng.org/testng-1.0.dtd">
<suite name="DiscoveryServices_Maintenence" verbose="1" parallel="tests" thread-count="1">
	<parameter name="rest.client.impl" value="com.heb.automation.common.ClientHelper" />
	
	<test name="DiscoveryServices_Maintenence" enabled="true">
		<parameter name="scenario.file.loc" value="scenarios/AdminServices/DiscoveryServices" />
		<groups>
			<run>
				<include name="ApiDiscovery_Maintenance" />
			</run>
		</groups>
		<classes>
			<class name="com.qmetry.qaf.automation.step.client.text.BDDTestFactory"></class>
		</classes>
	</test>
	
</suite>

