<!DOCTYPE suite SYSTEM "http://testng.org/testng-1.0.dtd">
<suite name="ML_Admin_Discovery Services" verbose="1" parallel="tests"
	thread-count="1">
	<parameter name="rest.client.impl" value="com.heb.automation.common.ClientHelper" />
	<parameter name="scenario.file.loc" value="scenarios/AdminServices/DiscoveryServices" />

	<test name="Create service testing" enabled="true">

		<groups>
			<run>
				<include name="ApiDiscovery_Create" />
			</run>
		</groups>
		<classes>
			<class name="com.qmetry.qaf.automation.step.client.text.BDDTestFactory"></class>
		</classes>
	</test>

	<test name="Read service testing" enabled="true">
		<groups>
			<run>
				<include name="ApiDiscovery_Read" />
			</run>
		</groups>
		<classes>
			<class name="com.qmetry.qaf.automation.step.client.text.BDDTestFactory"></class>
		</classes>
	</test>

	<test name="Update service testing" enabled="true">
		<groups>
			<run>
				<include name="ApiDiscovery_Update" />
			</run>
		</groups>
		<classes>
			<class name="com.qmetry.qaf.automation.step.client.text.BDDTestFactory"></class>
		</classes>
	</test>

	<test name="Delete service testing" enabled="true">
		<groups>
			<run>
				<include name="ApiDiscovery_Delete" />
			</run>
		</groups>
		<classes>
			<class name="com.qmetry.qaf.automation.step.client.text.BDDTestFactory"></class>
		</classes>
	</test>

</suite>

