<!DOCTYPE suite SYSTEM "http://testng.org/testng-1.0.dtd">
<suite name="ApiDiscovery_Update API's" verbose="1" parallel="tests"
	thread-count="1">
	<parameter name="rest.client.impl" value="com.heb.automation.common.ClientHelper" />

	<test name="ApiDiscovery_Update" enabled="true">
		<parameter name="scenario.file.loc"
			value="scenarios/AdminServices/DiscoveryServices/ML_DiscoveryServices_Update.bdd" />
		<groups>
			<run>
				<include name="ApiDiscovery_Update" />
			</run>
		</groups>
		<classes>
			<class name="com.qmetry.qaf.automation.step.client.text.BDDTestFactory"></class>
		</classes>
	</test>

</suite>

