<?xml version="1.0" encoding="UTF-8"?>
<!DOCTYPE suite SYSTEM "http://testng.org/testng-1.0.dtd" >
<suite name="Regression_AndroidBrowser" parallel="tests" thread-count="1">

	<parameter name="driver.name" value="appiumDriver" />
	<parameter name="driver.capabilities.browserName" value="MobileOS" />
	<parameter name="appium.additional.capabilities"
		value="{'automationName':'Appium','platformName':'Android','driver.class':'io.appium.java_client.android.AndroidDriver'}" />
	<parameter name="env.resources" value="resources/qa;resources/testdata"></parameter>
	<parameter name="step.provider.pkg" value="com.automation.web"></parameter>

	<listeners>
		<listener class-name="com.automation.web.listener.TestNGCustomReportListener" />
		<listener class-name="com.quantum.listerners.QuantumReportiumListener" />
	</listeners>
	
	<test verbose="2" name="Weekly Ad">
		<parameter name="scenario.file.loc" value="scenarios/Testing.bdd" />
<!-- 		<parameter name="driver.capabilities.model" value="Galaxy.*"></parameter> -->
		<parameter name="driver.capabilities.deviceName" value="CE01171155D2808F0C"></parameter> 
		<groups>
			<run>
				<include name="CURBSIDE" />
			</run>
		</groups>
		<classes>
			<class name="com.qmetry.qaf.automation.step.client.text.BDDTestFactory" />
		</classes>
	</test>


</suite>