<?xml version="1.0" encoding="UTF-8"?>
<!DOCTYPE suite SYSTEM "http://testng.org/testng-1.0.dtd" >
<suite name="Regression_IOSBrowser" parallel="tests" thread-count="1">

	<parameter name="driver.name" value="appiumDriver" />
	<parameter name="driver.capabilities.browserName" value="MobileOS" />
	<parameter name="appium.additional.capabilities"
		value="{'automationName':'PerfectoMobile','platformName':'iOS','driver.class':'io.appium.java_client.ios.IOSDriver','applicationName':'Beta Cert'}" />
	
	<parameter name="env.resources" value="resources/qa;resources/testdata;resources/users"></parameter>
	<parameter name="step.provider.pkg" value="com.automation.web"></parameter>

	<listeners>
		<listener class-name="com.automation.web.listener.TestNGCustomReportListener" />
		<listener class-name="com.quantum.listerners.QuantumReportiumListener" />
	</listeners>
	
	<test verbose="2" name="Weekly Ad">
		<parameter name="scenario.file.loc" value="scenarios/regression" />
<!-- 		<parameter name="driver.capabilities.model" value="iPhone.*"></parameter> -->
		<parameter name="driver.capabilities.deviceName" value="35FD51571C3FD3CC34C1E6B60BC42A9EFB95A3D3"></parameter> 
		<groups>
			<run>
				<include name="MOBILE" />
			</run>
		</groups>
		<classes>
			<class name="com.qmetry.qaf.automation.step.client.text.BDDTestFactory" />
		</classes>
	</test>


</suite>