<!DOCTYPE suite SYSTEM "http://testng.org/testng-1.0.dtd">
<suite name="Prod: Appversion Customer Portal" verbose="1" parallel="tests"
	thread-count="1">
	<parameter name="rest.client.impl" value="com.heb.automation.common.ClientHelper" />

	<test name="App version testing" enabled="true">
		<parameter name="scenario.file.loc" value="scenarios/CustomerPortal/ML_AppVersion.bdd" />
		<groups>
			<run>
				<include name="APPVERSION" />
			</run>
		</groups>
		<classes>
			<class name="com.qmetry.qaf.automation.step.client.text.BDDTestFactory"></class>
		</classes>
	</test>

</suite>

