<!DOCTYPE suite SYSTEM "http://testng.org/testng-1.0.dtd">
<suite name="Sprint 2 : Middle Layer API's" verbose="1" parallel="tests" thread-count="5">
	<parameter name="rest.client.impl" value="com.heb.automation.common.ClientHelper" />
	
	<test name="Discovery service testing" enabled="true">
		<parameter name="scenario.file.loc" value="scenarios" />
	
		<groups>
			<run>
				<include name="SPRINT2" />
			</run>
		</groups>
		<classes>
			<class name="com.qmetry.qaf.automation.step.client.text.BDDTestFactory"></class>
		</classes>
	</test>

</suite>

