<!DOCTYPE suite SYSTEM "http://testng.org/testng-1.0.dtd">
<suite name="ML_Discovery_Services_Customer Portal" verbose="1"
	parallel="tests" thread-count="1">
	<parameter name="rest.client.impl" value="com.heb.automation.common.ClientHelper" />
	<parameter name="scenario.file.loc"
		value="scenarios/CustomerPortal/ML_DiscoveryService.bdd" />

	<test name="Discovery_Services" enabled="true">
		<groups>
			<run>
				<include name="Discovery_services" />
			</run>
		</groups>
		<classes>
			<class name="com.qmetry.qaf.automation.step.client.text.BDDTestFactory"></class>
		</classes>
	</test>

</suite>

