<?xml version="1.0" encoding="UTF-8"?>
<!DOCTYPE suite SYSTEM "http://testng.org/testng-1.0.dtd">
<suite name="Suite">
	<parameter name="rest.client.impl" value="com.heb.automation.common.ClientHelper" />
	<parameter name="scenario.file.loc"
		value="scenarios/CustomerPortal/ML_DiscoveryService.bdd" />
	<test name="Test">
		<groups>
			<run>
				<include name="Discovery_services" />
			</run>
		</groups>
		<classes>
			<class name="com.qmetry.qaf.automation.step.client.text.BDDTestFactory"></class>
		</classes>
	</test> <!-- Test -->
</suite> <!-- Suite -->
