<?xml version="1.0" encoding="UTF-8"?>
<suite name="Debug_2.1.1 CERT1: Android Regression Suite" parallel="tests"
	thread-count="8">
	<parameter name="driver.name" value="appiumDriver" />

	<parameter name="appium.additional.capabilities"
		value="{'automationName':'Appium','platformName':'Android','driver.class':'io.appium.java_client.android.AndroidDriver'}" />

	<parameter name="env.resources"
		value="src/main/resources/qa/android;src/main/resources/users/android/cert1"></parameter>

	<parameter name="step.provider.pkg"
		value="com.heb.automation.android;com.heb.automation.common"></parameter>
	<parameter name="wd.command.listeners"
		value="com.heb.automation.common.AndroidPerfectoDriverListener;com.quantum.listerners.PerfectoDriverListener"></parameter>

	<listeners>
		<listener class-name="com.quantum.listerners.QuantumReportiumListener" />
		<listener class-name="com.heb.automation.common.TestNGCustomReportListener" />
	</listeners>

	<test verbose="2" name="Recipes_Regression_suite">
		<parameter name="driver.capabilities.deviceName" value="04160413F2433B02"></parameter>
		<parameter name="scenario.file.loc" value="scenarios/Recipes.bdd"></parameter>
		<groups>
			<run>
					<include name="RECIPE" />
			</run>
		</groups>
		<classes>
			<class name="com.qmetry.qaf.automation.step.client.text.BDDTestFactory" />
		</classes>
	</test>

	<test verbose="2" name="SHOPPINGLIST_Regression_suite">
		<parameter name="driver.capabilities.deviceName" value="HT6CT0201273"></parameter>
		<parameter name="scenario.file.loc" value="scenarios/SHOPPINGLIST.bdd"></parameter>
		<groups>
			<run>
				<include name="SHOPPINGLIST" />
			</run>
		</groups>
		<classes>
			<class name="com.qmetry.qaf.automation.step.client.text.BDDTestFactory" />
		</classes>
	</test>
	<test verbose="2" name="WEEKLYAD_Regression_suite">
		<parameter name="driver.capabilities.deviceName" value="CE12160CC32AB0A20C"></parameter>
		<parameter name="scenario.file.loc" value="scenarios/WEEKLYAD.bdd"></parameter>
		<groups>
			<run>
				<include name="WEEKLYAD" />
			</run>
		</groups>
		<classes>
			<class name="com.qmetry.qaf.automation.step.client.text.BDDTestFactory" />
		</classes>
	</test>
	<test verbose="2" name="COUPONS_Regression_suite">
		<parameter name="driver.capabilities.deviceName" value="00EB9BDA37D8B8E1"></parameter>
		<parameter name="scenario.file.loc" value="scenarios/Coupons.bdd"></parameter>
		<groups>
			<run>
				<include name="COUPONS" />
			</run>
		</groups>
		<classes>
			<class name="com.qmetry.qaf.automation.step.client.text.BDDTestFactory" />
		</classes>
	</test>

	<test verbose="2" name="STORELOCATOR_Regression_suite">
		<parameter name="driver.capabilities.deviceName" value="CE01171155D2808F0C"></parameter>
		<parameter name="scenario.file.loc" value="scenarios/StoreLocator.bdd"></parameter>
		<groups>
			<run>
				
				<include name="STORELOCATOR" />
			</run>
		</groups>
		<classes>
			<class name="com.qmetry.qaf.automation.step.client.text.BDDTestFactory" />
		</classes>
	</test>

	<test verbose="2" name="MYACCOUNT_Regression_suite">
		<parameter name="driver.capabilities.deviceName" value="0B150208169F630C"></parameter>
		<parameter name="scenario.file.loc" value="scenarios/MYACCOUNT.bdd"></parameter>
		<groups>
			<run>
				<include name="MYACCOUNT" />
			</run>
		</groups>
		<classes>
			<class name="com.qmetry.qaf.automation.step.client.text.BDDTestFactory" />
		</classes>
	</test>

	<test verbose="2" name="Registeration suite">
		<parameter name="driver.capabilities.deviceName" value="03160344F9232704"></parameter>
		<parameter name="scenario.file.loc" value="scenarios/Registration.bdd"></parameter>
		<groups>
			<run>
				<include name="REGISTRATION" />
			</run>
		</groups>
		<classes>
			<class name="com.qmetry.qaf.automation.step.client.text.BDDTestFactory" />
		</classes>
	</test>
	<test verbose="2" name="BROWSE_Regression_suite">
		<parameter name="driver.capabilities.deviceName" value="1215FCB2EEEE0E04"></parameter>
		<parameter name="scenario.file.loc" value="scenarios/Browse.bdd"></parameter>
		<groups>
			<run>
				<include name="BROWSE" />
			</run>
		</groups>
		<classes>
			<class name="com.qmetry.qaf.automation.step.client.text.BDDTestFactory" />
		</classes>
	</test>
</suite> <!-- Android Regression suite -->
