<?xml version="1.0" encoding="UTF-8"?>

<suite name="Install Application in Iphone" parallel="tests" thread-count="4">
	<parameter name="driver.name" value="appiumDriver" />
	<parameter name="repository_url" value="GROUP:BuildPath\\iOS\\cert\\2.2\\AAA1205.ipa" />
 	
	<parameter name="application_name" value="AAACert" />

	<parameter name="user" value="AAA@BBB.com" />
	<parameter name="password" value="AAAABBB123" />

	<parameter name="app_environment" value="qa" />

	<parameter name="app_instrument" value="instrument" />
	<parameter name="sensor_instrument" value="sensor" />

	<test verbose="2" name="Install App on Iphone 1">
		<parameter name="deviceName_" value="E91FD84695E72020791A3FE2EDB1978C6705DEFD"></parameter>
		<classes>
			<class name="com.heb.automation.common.InstallAppiOS" />
		</classes>
	</test>

	 <test verbose="2" name="Install App on Iphone 2">
		<parameter name="deviceName_" value="8FE2FC64E569D51D60DEF09017745CF69069ABD5"></parameter>
		<classes>
			<class name="com.heb.automation.common.InstallAppiOS" />
		</classes>
	</test>

	<test verbose="2" name="Install App on Iphone 3">
		<parameter name="deviceName_" value="97180FB3CC855BC4DC6D68043881030BE6A613E0"></parameter>
		<classes>
			<class name="com.heb.automation.common.InstallAppiOS" />
		</classes>
	</test>

	<test verbose="2" name="Install App on Iphone 4">
		<parameter name="deviceName_" value="DA71FFA150ACAB59C8944F488E0C63F76C486679"></parameter>
		<classes>
			<class name="com.heb.automation.common.InstallAppiOS" />
		</classes>
	</test>

</suite> <!-- Install App iOS Regression suite -->
