<?xml version="1.0" encoding="UTF-8"?>
<suite name="CERT: Install Application in Android" parallel="tests"
	thread-count="4">
	<parameter name="driver.name" value="appiumDriver" />
	<parameter name="repository_url"
		value="GROUP:BuildPath\\Android\\cert\\2.2\\Android-debug_1201.apk" />
	
	<parameter name="application_name" value="AAA Debug" />

	<parameter name="user" value="xxx@hyyy.com" />
	<parameter name="password" value="xxxyyy123" />

	<parameter name="app_instrument" value="instrument" />
	<parameter name="sensor_instrument" value="sensor" />

	<test verbose="2" name="Install App on Android 1">
		<parameter name="deviceName_" value="0B150208169F630C"></parameter>
		<classes>
			<class name="com.heb.automation.common.InstallAppAndroid" />
		</classes>
	</test>

	<test verbose="2" name="Install App on Android 2">
		<parameter name="deviceName_" value="03160344F9232704"></parameter>
		<classes>
			<class name="com.heb.automation.common.InstallAppAndroid" />
		</classes>
	</test>

	<test verbose="2" name="Install App on Android 3">
		<parameter name="deviceName_" value="1215FCB2EEEE0E04"></parameter>
		<classes>
			<class name="com.heb.automation.common.InstallAppAndroid" />
		</classes>
	</test>

	<test verbose="2" name="Install App on Android 4">
		<parameter name="deviceName_" value="CE12160CC32AB0A20C"></parameter>
		<classes>
			<class name="com.heb.automation.common.InstallAppAndroid" />
		</classes>
	</test>

</suite> <!-- Install App Android Suite -->
