<?xml version="1.0" encoding="UTF-8"?>
<suite name="2.1.1_Hotfix:iOS Regression suite" parallel="tests"
	thread-count="8">
	<parameter name="driver.name" value="appiumDriver" />

	<parameter name="appium.additional.capabilities"
		value="{'automationName':'PerfectoMobile','platformName':'iOS','driver.class':'io.appium.java_client.ios.IOSDriver','applicationName':'Beta Cert'}" />

	<parameter name="env.resources" value="src/main/resources/qa/ios;src/main/resources/users/ios/cert1"></parameter>

	<parameter name="step.provider.pkg"
		value="com.heb.automation.common;com.heb.automation.ios"></parameter>
	
	<parameter name="wd.command.listeners"
		value="com.heb.automation.common.IOSPerfectoDriverListener;com.quantum.listerners.PerfectoDriverListener"></parameter>

	<parameter name="scenario.file.loc" value="scenarios" />

	<listeners>
		<listener class-name="com.quantum.listerners.QuantumReportiumListener" />
		<listener class-name="com.heb.automation.common.TestNGCustomReportListener" />
	</listeners>

	<test verbose="2" name="Recipes_Regression_suite">
		<parameter name="driver.capabilities.deviceName" value="0102E2F82FA109F325113E7518AD1CC92DD70D83"></parameter>
		<groups>
			<run>
				<include name="RECIPE" />
			</run>
		</groups>
		<classes>
			<class name="com.qmetry.qaf.automation.step.client.text.BDDTestFactory" />
		</classes>
	</test>

	<test verbose="2" name="SHOPPINGLIST_Regression_suite">
		<parameter name="driver.capabilities.deviceName" value="C280CBCFBEE796BACC9394FA68B4B6F98B593096"></parameter>
		<groups>
			<run>
				<include name="SHOPPINGLIST" />
			</run>
		</groups>
		<classes>
			<class name="com.qmetry.qaf.automation.step.client.text.BDDTestFactory" />
		</classes>
	</test>
	<test verbose="2" name="WEEKLYAD_Regression_suite">
		<parameter name="driver.capabilities.deviceName" value="B19C4918CCA8B69C08161F6C6731B0FF36BF5DFF"></parameter>
		<groups>
			<run>
			<include name="WEEKLYAD" />
			</run>
		</groups>
		<classes>
			<class name="com.qmetry.qaf.automation.step.client.text.BDDTestFactory" />
		</classes>
	</test>

	<test verbose="2" name="COUPONS_Regression_suite">
		<parameter name="driver.capabilities.deviceName" value="EE8DD47CE4B76B241DF387841CC48B35E0008097"></parameter>
		<groups>
			<run>
				<include name="COUPONS" />
			</run>
		</groups>
		<classes>
			<class name="com.qmetry.qaf.automation.step.client.text.BDDTestFactory" />
		</classes>
	</test>

	<test verbose="2" name="STORELOCATOR_Regression_suite">
		<parameter name="driver.capabilities.deviceName" value="35FD51571C3FD3CC34C1E6B60BC42A9EFB95A3D3"></parameter>
		<groups>
			<run>
				
				<include name="STORELOCATOR" />
			</run>
		</groups>
		<classes>
			<class name="com.qmetry.qaf.automation.step.client.text.BDDTestFactory" />
		</classes>
	</test>

	<test verbose="2" name="MYACCOUNT_Regression_suite">
		<parameter name="driver.capabilities.deviceName" value="97180FB3CC855BC4DC6D68043881030BE6A613E0"></parameter>
		<groups>
			<run>
				<include name="MYACCOUNT" />
			</run>
		</groups>
		<classes>
			<class name="com.qmetry.qaf.automation.step.client.text.BDDTestFactory" />
		</classes>
	</test>

	<test verbose="2" name="Registeration suite">
		<parameter name="driver.capabilities.deviceName" value="E91FD84695E72020791A3FE2EDB1978C6705DEFD"></parameter>
		<groups>
			<run>
				<include name="Registeration" />
			</run>
		</groups>
		<classes>
			<class name="com.qmetry.qaf.automation.step.client.text.BDDTestFactory" />
		</classes>
	</test>
	<test verbose="2" name="BROWSE_Regression_suite">
		<parameter name="driver.capabilities.deviceName" value="0343BC8B2B2C9B5F509C8DF18AD5943C28B751C4"></parameter>
		<groups>
			<run>
				<include name="BROWSE" />
			</run>
		</groups>
		<classes>
			<class name="com.qmetry.qaf.automation.step.client.text.BDDTestFactory" />
		</classes>
	</test>

</suite> 