<?xml version="1.0" encoding="UTF-8"?>
<testdata>
	<hotuser1>
		<user>
			<email>Testweb@heb.com</email>
			<password>password@1</password>
		</user>
	</hotuser1>

	<hotuser2>
		<user>
			<email>test02@heb.com</email>
			<password>automation1</password>
		</user>
	</hotuser2>

	<hotuser3>
		<deliStoreUser>
			<email>testng@xxx.com</email>
			<password>automation1</password>
		</deliStoreUser>
	</hotuser3>

	<hotuser4>
		<user>
			<email>testng@xxx.com</email>
			<password>automation1</password>
		</user>
	</hotuser4>

	<hotuser5>
		<user>
			<email>createnewlist@xxx.com</email>
			<password>automation1</password>
		</user>
	</hotuser5>

	<hotuser6>
		<user>
			<email>test04@heb.com</email>
			<password>automation1</password>
		</user>
	</hotuser6>

	<taxexemptuser>
		<user>testng@xxx.com</user>
		<pass>automation1</pass>
	</taxexemptuser>

	<emailuser>
		<user1>
			<email>hebsmoketester@gmail.com</email>
			<password>testing1</password>
		</user1>
	</emailuser>

	<marketBug>
		<user>
			<email>ByKTP@mailnator.com</email>
			<password>password1</password>
		</user>
	</marketBug>

	<digitalcoupons>
		<unconfirmeduser>
			<email>test05@heb.com</email>
			<password>automation1</password>
		</unconfirmeduser>
		<confirmeduser>
			<email>thdteaser01@gmail.com</email>
			<password>testing1</password>
		</confirmeduser>
	</digitalcoupons>

	<login>
		<user>
			<email>Vijay128@gmail.com</email>
			<password>vijay123</password>
		</user>
	</login>
	<invalidlogin1>
		<user>
			<email>Vijay128@gmail.com</email>
			<password>@#adfg123</password>
		</user>
	</invalidlogin1>

	<invalidlogin2>
		<user>
			<email>Vijay128@gmail.com</email>
			<password>
			</password>
		</user>
	</invalidlogin2>

	
	<Users>
		<ValidFirstName>vijay</ValidFirstName>
		<InValidFirstName>vijay123!</InValidFirstName>
		<ValidLastName>Ragavan</ValidLastName>
		<ValidEmail>vijay123@gmail.com</ValidEmail>
		<InValidEmail>vijay@hebcom</InValidEmail>
		<ValidPassword>vijay1234</ValidPassword>
		<InValidPassword>vijay</InValidPassword>
	</Users>
	<hotuserwithoutstore>
		<user>fname1@hebmail.com</user>
		<password>automation1</password>
	</hotuserwithoutstore>
	<hotuserwithstore>
		<user>fname2@hebmail.com</user>
		<password>automation1</password>
	</hotuserwithstore>
</testdata>


