<?xml version="1.0" encoding="UTF-8"?>
<!DOCTYPE suite SYSTEM "http://testng.org/testng-1.0.dtd" >
<suite name=".COM_SmokeSuite_Chrome" parallel="tests"
	thread-count="4">

	<parameter name="driver.name" value="RemoteDriver" />

	<parameter name="env.resources" value="resources/qa;resources/testdata"></parameter>
	<parameter name="step.provider.pkg" value="com.automation.web"></parameter>
	<parameter name="scenario.file.loc" value="scenarios/Sprint_30.bdd" />

	<listeners>
		<listener class-name="com.automation.web.listener.TestNGCustomReportListener" />
		<listener class-name="com.quantum.listerners.QuantumReportiumListener" />
	</listeners>

	<test verbose="2" name="HomePage_Tests_Windows_7">
		<parameter name="driver.additional.capabilities"
			value="{'platformName':'Windows','platformVersion':'7','browserName':'Chrome','browserVersion':'60','resolution':'1280x1024','location':'US East'}"></parameter>
		<groups>
			<run>
				<include name="HEADERS" />
				<include name="HEROIMAGE" />
				<include name="CATRIDGES" />
				<include name="RECIPES" />
				<include name="EXTERNALLINKS" />
			</run>
		</groups>
		<classes>
			<class name="com.qmetry.qaf.automation.step.client.text.BDDTestFactory" />
		</classes>
	</test>

	<test verbose="2" name="HomePage_Tests_Windows_8.1">
		<parameter name="driver.additional.capabilities"
			value="{'platformName':'Windows','platformVersion':'8.1','browserName':'Chrome','browserVersion':'59','resolution':'1280x1024','location':'US East'}"></parameter>
		<groups>
			<run>
				<include name="MYSTORE" />
				<include name="ShipToHOME" />
				<include name="NAVIGATION" />
			</run>
		</groups>
		<classes>
			<class name="com.qmetry.qaf.automation.step.client.text.BDDTestFactory" />
		</classes>
	</test>

	<test verbose="2" name="Products_Tests_Windows_10">
		<parameter name="driver.additional.capabilities"
			value="{'platformName':'Windows','platformVersion':'10','browserName':'Chrome','browserVersion':'beta','resolution':'1280x1024','location':'US East'}"></parameter>
		<groups>
			<run>
				<include name="ADDTOCART" />
				<include name="QUANTITY_CHK" />
			</run>
		</groups>
		<classes>
			<class name="com.qmetry.qaf.automation.step.client.text.BDDTestFactory" />
		</classes>
	</test>

	<test verbose="2" name="Products_Tests_Windows_XP">
		<parameter name="driver.additional.capabilities"
			value="{'platformName':'Windows','platformVersion':'XP','browserName':'Chrome','browserVersion':'49','resolution':'1280x1024','location':'US East'}"></parameter>
		<!-- <parameter name="driver.additional.capabilities" value="{'platformName':'Mac','platformVersion':'OS 
			X El Capitan','browserName':'Chrome','browserVersion':'60','resolution':'1440x900','location':'NA-US-PHX'}"></parameter> -->
		<!-- <parameter name="driver.additional.capabilities" value="{'platformName':'Mac','platformVersion':'macOS 
			Sierra','browserName':'Chrome','browserVersion':'60','resolution':'1440x900','location':'NA-US-PHX'}"></parameter> -->
		<groups>
			<run>
				<include name="REMOVE_CART" />
				<include name="ADDTOLIST" />
				<include name="FEATURE_ICON" />
				<include name="MARKETING_FLAG" />
				<include name="RATINGS" />
			</run>
		</groups>
		<classes>
			<class name="com.qmetry.qaf.automation.step.client.text.BDDTestFactory" />
		</classes>
	</test>


</suite> <!-- Test Suite -->
