<?xml version="1.0" encoding="UTF-8"?>
<!DOCTYPE suite SYSTEM "http://testng.org/testng-1.0.dtd" >
<suite name="HEB.COM_RegressionSuite_Chrome" parallel="tests"
	thread-count="8">

	<parameter name="driver.name" value="RemoteDriver" />

	<parameter name="env.resources" value="resources/qa;resources/testdata;resources/users/cert1"></parameter>
	<parameter name="step.provider.pkg" value="com.automation.web"></parameter>
	<parameter name="scenario.file.loc" value="scenarios/regression" />

	<listeners>
		<listener class-name="com.automation.web.listener.TestNGCustomReportListener" />
		<listener class-name="com.quantum.listerners.QuantumReportiumListener" />
	</listeners>

	<test verbose="2" name="Login_MyAccount_CheckOut_Tests_Windows_7">
		<parameter name="driver.additional.capabilities"
			value="{'platformName':'Windows','platformVersion':'7','browserName':'Chrome','browserVersion':'60','resolution':'1280x1024','location':'US East'}"></parameter>
		<groups>
			<run>
				<include name="LOGIN" />
				<include name="MYACCOUNT" />
				<include name="CHECKOUT" />
			</run>
		</groups>
		<classes>
			<class name="com.qmetry.qaf.automation.step.client.text.BDDTestFactory" />
		</classes>
	</test>

	<test verbose="2" name="Register_HomePage_Browse_Tests_Windows_8.1">
		<parameter name="driver.additional.capabilities"
			value="{'platformName':'Windows','platformVersion':'8.1','browserName':'Chrome','browserVersion':'60','resolution':'1280x1024','location':'US East'}"></parameter>
		<groups>
			<run>
				<include name="REGISTRATION" />
				<include name="HOMEPAGE" />
				<include name="BROWSE" />
			</run>
		</groups>
		<classes>
			<class name="com.qmetry.qaf.automation.step.client.text.BDDTestFactory" />
		</classes>
	</test>

	<test verbose="2" name="CDP_PDP_CART_Tests_Windows_10">
		<parameter name="driver.additional.capabilities"
			value="{'platformName':'Windows','platformVersion':'10','browserName':'Chrome','browserVersion':'60','resolution':'1280x1024','location':'US East'}"></parameter>
		<groups>
			<run>
				<include name="CDP" />
				<include name="PDP" />
				<include name="CART" />
<!-- 				<include name="CHECKOUT" /> -->
			</run>
		</groups>
		<classes>
			<class name="com.qmetry.qaf.automation.step.client.text.BDDTestFactory" />
		</classes>
	</test>

	<test verbose="2" name="STH_SEARCH_OrderHistory_Tests_Windows_8.1">
		<parameter name="driver.additional.capabilities"
			value="{'platformName':'Windows','platformVersion':'8.1','browserName':'Chrome','browserVersion':'60','resolution':'1280x1024','location':'US East'}"></parameter>
		<groups>
			<run>
				<include name="STH" />
				<include name="SEARCH" />
				<include name="QUICK REORDER" />
			</run>
		</groups>
		<classes>
			<class name="com.qmetry.qaf.automation.step.client.text.BDDTestFactory" />
		</classes>
	</test>

	<test verbose="2" name="COUPONS_Tests_Windows_7">
		<parameter name="driver.additional.capabilities"
			value="{'platformName':'Windows','platformVersion':'7','browserName':'Chrome','browserVersion':'60','resolution':'1280x1024','location':'US East'}"></parameter>
		<groups>
			<run>
				<include name="COUPONS" />
			</run>
		</groups>
		<classes>
			<class name="com.qmetry.qaf.automation.step.client.text.BDDTestFactory" />
		</classes>
	</test>

	<test verbose="2"
		name="PaymentGateway_ShoppingList_Pharmacy_Tests_Windows_8.1">
		<parameter name="driver.additional.capabilities"
			value="{'platformName':'Windows','platformVersion':'8.1','browserName':'Chrome','browserVersion':'60','resolution':'1280x1024','location':'US East'}"></parameter>
		<groups>
			<run>
				<include name="SHOPPINGLIST" />
				<include name="PAYMENTGATEWAY" />
				<include name="PHARMACY" />
				<include name="MAKE READY" />
				
			</run>
		</groups>
		<classes>
			<class name="com.qmetry.qaf.automation.step.client.text.BDDTestFactory" />
		</classes>
	</test>

	<test verbose="2" name="Recipes_Tests_Windows_10">
		<parameter name="driver.additional.capabilities"
			value="{'platformName':'Windows','platformVersion':'10','browserName':'Chrome','browserVersion':'60','resolution':'1280x1024','location':'US East'}"></parameter>
		<groups>
			<run>
				<include name="RECIPES" />
			</run>
		</groups>
		<classes>
			<class name="com.qmetry.qaf.automation.step.client.text.BDDTestFactory" />
		</classes>
	</test>

	<test verbose="2" name="StoreLocator_CurbSide_Weeklyads_Tests_Windows_8.1">
		<parameter name="driver.additional.capabilities"
			value="{'platformName':'Windows','platformVersion':'8.1','browserName':'Chrome','browserVersion':'60','resolution':'1280x1024','location':'US East'}"></parameter>
		<groups>
			<run>
				<include name="STORELOCATOR" />
				<include name="CURBSIDE" />
				<include name="WEEKLYADS" />
				<exclude name="MOBILE" />
			</run>
		</groups>
		<classes>
			<class name="com.qmetry.qaf.automation.step.client.text.BDDTestFactory" />
		</classes>
	</test>

	<!-- <test verbose="2" name="WeeklyAds_Mobile_iOS">
		<parameter name="driver.name" value="appiumDriver" />
		<parameter name="driver.capabilities.browserName" value="MobileOS" />
		<parameter name="appium.additional.capabilities"
			value="{'automationName':'PerfectoMobile','platformName':'iOS','driver.class':'io.appium.java_client.ios.IOSDriver','applicationName':'Beta Cert'}" />
		<parameter name="driver.capabilities.model" value="iPhone.*"></parameter>
		<groups>
			<run>
				<include name="MOBILE" />
			</run>
		</groups>
		<classes>
			<class name="com.qmetry.qaf.automation.step.client.text.BDDTestFactory" />
		</classes>
	</test> -->


</suite> <!-- Test Suite -->
